id,name,department,salary,hire_date,is_active
1,Employee_0001,Marketing,40101,2020-02-02,True
2,Employee_0002,Sales,40202,2020-03-03,True
3,Employee_0003,HR,40303,2020-04-04,True
4,Employee_0004,Finance,40404,2020-05-05,True
5,Employee_0005,Engineering,40505,2020-06-06,True
6,Employee_0006,Marketing,40606,2020-07-07,True
7,Employee_0007,Sales,40707,2020-08-08,True
8,Employee_0008,HR,40808,2020-09-09,True
9,Employee_0009,Finance,40909,2020-10-10,True
10,Employee_0010,Engineering,41010,2020-11-11,False
11,Employee_0011,Marketing,41111,2020-12-12,True
12,Employee_0012,Sales,41212,2020-01-13,True
13,Employee_0013,HR,41313,2020-02-14,True
14,Employee_0014,Finance,41414,2020-03-15,True
15,Employee_0015,Engineering,41515,2020-04-16,True
16,Employee_0016,Marketing,41616,2020-05-17,True
17,Employee_0017,Sales,41717,2020-06-18,True
18,Employee_0018,HR,41818,2020-07-19,True
19,Employee_0019,Finance,41919,2020-08-20,True
20,Employee_0020,Engineering,42020,2020-09-21,False
21,Employee_0021,Marketing,42121,2020-10-22,True
22,Employee_0022,Sales,42222,2020-11-23,True
23,Employee_0023,HR,42323,2020-12-24,True
24,Employee_0024,Finance,42424,2020-01-25,True
25,Employee_0025,Engineering,42525,2020-02-26,True
26,Employee_0026,Marketing,42626,2020-03-27,True
27,Employee_0027,Sales,42727,2020-04-28,True
28,Employee_0028,HR,42828,2020-05-01,True
29,Employee_0029,Finance,42929,2020-06-02,True
30,Employee_0030,Engineering,43030,2020-07-03,False
31,Employee_0031,Marketing,43131,2020-08-04,True
32,Employee_0032,Sales,43232,2020-09-05,True
33,Employee_0033,HR,43333,2020-10-06,True
34,Employee_0034,Finance,43434,2020-11-07,True
35,Employee_0035,Engineering,43535,2020-12-08,True
36,Employee_0036,Marketing,43636,2020-01-09,True
37,Employee_0037,Sales,43737,2020-02-10,True
38,Employee_0038,HR,43838,2020-03-11,True
39,Employee_0039,Finance,43939,2020-04-12,True
40,Employee_0040,Engineering,44040,2020-05-13,False
41,Employee_0041,Marketing,44141,2020-06-14,True
42,Employee_0042,Sales,44242,2020-07-15,True
43,Employee_0043,HR,44343,2020-08-16,True
44,Employee_0044,Finance,44444,2020-09-17,True
45,Employee_0045,Engineering,44545,2020-10-18,True
46,Employee_0046,Marketing,44646,2020-11-19,True
47,Employee_0047,Sales,44747,2020-12-20,True
48,Employee_0048,HR,44848,2020-01-21,True
49,Employee_0049,Finance,44949,2020-02-22,True
50,Employee_0050,Engineering,45050,2020-03-23,False
51,Employee_0051,Marketing,45151,2020-04-24,True
52,Employee_0052,Sales,45252,2020-05-25,True
53,Employee_0053,HR,45353,2020-06-26,True
54,Employee_0054,Finance,45454,2020-07-27,True
55,Employee_0055,Engineering,45555,2020-08-28,True
56,Employee_0056,Marketing,45656,2020-09-01,True
57,Employee_0057,Sales,45757,2020-10-02,True
58,Employee_0058,HR,45858,2020-11-03,True
59,Employee_0059,Finance,45959,2020-12-04,True
60,Employee_0060,Engineering,46060,2020-01-05,False
61,Employee_0061,Marketing,46161,2020-02-06,True
62,Employee_0062,Sales,46262,2020-03-07,True
63,Employee_0063,HR,46363,2020-04-08,True
64,Employee_0064,Finance,46464,2020-05-09,True
65,Employee_0065,Engineering,46565,2020-06-10,True
66,Employee_0066,Marketing,46666,2020-07-11,True
67,Employee_0067,Sales,46767,2020-08-12,True
68,Employee_0068,HR,46868,2020-09-13,True
69,Employee_0069,Finance,46969,2020-10-14,True
70,Employee_0070,Engineering,47070,2020-11-15,False
71,Employee_0071,Marketing,47171,2020-12-16,True
72,Employee_0072,Sales,47272,2020-01-17,True
73,Employee_0073,HR,47373,2020-02-18,True
74,Employee_0074,Finance,47474,2020-03-19,True
75,Employee_0075,Engineering,47575,2020-04-20,True
76,Employee_0076,Marketing,47676,2020-05-21,True
77,Employee_0077,Sales,47777,2020-06-22,True
78,Employee_0078,HR,47878,2020-07-23,True
79,Employee_0079,Finance,47979,2020-08-24,True
80,Employee_0080,Engineering,48080,2020-09-25,False
81,Employee_0081,Marketing,48181,2020-10-26,True
82,Employee_0082,Sales,48282,2020-11-27,True
83,Employee_0083,HR,48383,2020-12-28,True
84,Employee_0084,Finance,48484,2020-01-01,True
85,Employee_0085,Engineering,48585,2020-02-02,True
86,Employee_0086,Marketing,48686,2020-03-03,True
87,Employee_0087,Sales,48787,2020-04-04,True
88,Employee_0088,HR,48888,2020-05-05,True
89,Employee_0089,Finance,48989,2020-06-06,True
90,Employee_0090,Engineering,49090,2020-07-07,False
91,Employee_0091,Marketing,49191,2020-08-08,True
92,Employee_0092,Sales,49292,2020-09-09,True
93,Employee_0093,HR,49393,2020-10-10,True
94,Employee_0094,Finance,49494,2020-11-11,True
95,Employee_0095,Engineering,49595,2020-12-12,True
96,Employee_0096,Marketing,49696,2020-01-13,True
97,Employee_0097,Sales,49797,2020-02-14,True
98,Employee_0098,HR,49898,2020-03-15,True
99,Employee_0099,Finance,49999,2020-04-16,True
100,Employee_0100,Engineering,50100,2020-05-17,False
101,Employee_0101,Marketing,50201,2020-06-18,True
102,Employee_0102,Sales,50302,2020-07-19,True
103,Employee_0103,HR,50403,2020-08-20,True
104,Employee_0104,Finance,50504,2020-09-21,True
105,Employee_0105,Engineering,50605,2020-10-22,True
106,Employee_0106,Marketing,50706,2020-11-23,True
107,Employee_0107,Sales,50807,2020-12-24,True
108,Employee_0108,HR,50908,2020-01-25,True
109,Employee_0109,Finance,51009,2020-02-26,True
110,Employee_0110,Engineering,51110,2020-03-27,False
111,Employee_0111,Marketing,51211,2020-04-28,True
112,Employee_0112,Sales,51312,2020-05-01,True
113,Employee_0113,HR,51413,2020-06-02,True
114,Employee_0114,Finance,51514,2020-07-03,True
115,Employee_0115,Engineering,51615,2020-08-04,True
116,Employee_0116,Marketing,51716,2020-09-05,True
117,Employee_0117,Sales,51817,2020-10-06,True
118,Employee_0118,HR,51918,2020-11-07,True
119,Employee_0119,Finance,52019,2020-12-08,True
120,Employee_0120,Engineering,52120,2020-01-09,False
121,Employee_0121,Marketing,52221,2020-02-10,True
122,Employee_0122,Sales,52322,2020-03-11,True
123,Employee_0123,HR,52423,2020-04-12,True
124,Employee_0124,Finance,52524,2020-05-13,True
125,Employee_0125,Engineering,52625,2020-06-14,True
126,Employee_0126,Marketing,52726,2020-07-15,True
127,Employee_0127,Sales,52827,2020-08-16,True
128,Employee_0128,HR,52928,2020-09-17,True
129,Employee_0129,Finance,53029,2020-10-18,True
130,Employee_0130,Engineering,53130,2020-11-19,False
131,Employee_0131,Marketing,53231,2020-12-20,True
132,Employee_0132,Sales,53332,2020-01-21,True
133,Employee_0133,HR,53433,2020-02-22,True
134,Employee_0134,Finance,53534,2020-03-23,True
135,Employee_0135,Engineering,53635,2020-04-24,True
136,Employee_0136,Marketing,53736,2020-05-25,True
137,Employee_0137,Sales,53837,2020-06-26,True
138,Employee_0138,HR,53938,2020-07-27,True
139,Employee_0139,Finance,54039,2020-08-28,True
140,Employee_0140,Engineering,54140,2020-09-01,False
141,Employee_0141,Marketing,54241,2020-10-02,True
142,Employee_0142,Sales,54342,2020-11-03,True
143,Employee_0143,HR,54443,2020-12-04,True
144,Employee_0144,Finance,54544,2020-01-05,True
145,Employee_0145,Engineering,54645,2020-02-06,True
146,Employee_0146,Marketing,54746,2020-03-07,True
147,Employee_0147,Sales,54847,2020-04-08,True
148,Employee_0148,HR,54948,2020-05-09,True
149,Employee_0149,Finance,55049,2020-06-10,True
150,Employee_0150,Engineering,55150,2020-07-11,False
151,Employee_0151,Marketing,55251,2020-08-12,True
152,Employee_0152,Sales,55352,2020-09-13,True
153,Employee_0153,HR,55453,2020-10-14,True
154,Employee_0154,Finance,55554,2020-11-15,True
155,Employee_0155,Engineering,55655,2020-12-16,True
156,Employee_0156,Marketing,55756,2020-01-17,True
157,Employee_0157,Sales,55857,2020-02-18,True
158,Employee_0158,HR,55958,2020-03-19,True
159,Employee_0159,Finance,56059,2020-04-20,True
160,Employee_0160,Engineering,56160,2020-05-21,False
161,Employee_0161,Marketing,56261,2020-06-22,True
162,Employee_0162,Sales,56362,2020-07-23,True
163,Employee_0163,HR,56463,2020-08-24,True
164,Employee_0164,Finance,56564,2020-09-25,True
165,Employee_0165,Engineering,56665,2020-10-26,True
166,Employee_0166,Marketing,56766,2020-11-27,True
167,Employee_0167,Sales,56867,2020-12-28,True
168,Employee_0168,HR,56968,2020-01-01,True
169,Employee_0169,Finance,57069,2020-02-02,True
170,Employee_0170,Engineering,57170,2020-03-03,False
171,Employee_0171,Marketing,57271,2020-04-04,True
172,Employee_0172,Sales,57372,2020-05-05,True
173,Employee_0173,HR,57473,2020-06-06,True
174,Employee_0174,Finance,57574,2020-07-07,True
175,Employee_0175,Engineering,57675,2020-08-08,True
176,Employee_0176,Marketing,57776,2020-09-09,True
177,Employee_0177,Sales,57877,2020-10-10,True
178,Employee_0178,HR,57978,2020-11-11,True
179,Employee_0179,Finance,58079,2020-12-12,True
180,Employee_0180,Engineering,58180,2020-01-13,False
181,Employee_0181,Marketing,58281,2020-02-14,True
182,Employee_0182,Sales,58382,2020-03-15,True
183,Employee_0183,HR,58483,2020-04-16,True
184,Employee_0184,Finance,58584,2020-05-17,True
185,Employee_0185,Engineering,58685,2020-06-18,True
186,Employee_0186,Marketing,58786,2020-07-19,True
187,Employee_0187,Sales,58887,2020-08-20,True
188,Employee_0188,HR,58988,2020-09-21,True
189,Employee_0189,Finance,59089,2020-10-22,True
190,Employee_0190,Engineering,59190,2020-11-23,False
191,Employee_0191,Marketing,59291,2020-12-24,True
192,Employee_0192,Sales,59392,2020-01-25,True
193,Employee_0193,HR,59493,2020-02-26,True
194,Employee_0194,Finance,59594,2020-03-27,True
195,Employee_0195,Engineering,59695,2020-04-28,True
196,Employee_0196,Marketing,59796,2020-05-01,True
197,Employee_0197,Sales,59897,2020-06-02,True
198,Employee_0198,HR,59998,2020-07-03,True
199,Employee_0199,Finance,60099,2020-08-04,True
200,Employee_0200,Engineering,60200,2020-09-05,False
201,Employee_0201,Marketing,60301,2020-10-06,True
202,Employee_0202,Sales,60402,2020-11-07,True
203,Employee_0203,HR,60503,2020-12-08,True
204,Employee_0204,Finance,60604,2020-01-09,True
205,Employee_0205,Engineering,60705,2020-02-10,True
206,Employee_0206,Marketing,60806,2020-03-11,True
207,Employee_0207,Sales,60907,2020-04-12,True
208,Employee_0208,HR,61008,2020-05-13,True
209,Employee_0209,Finance,61109,2020-06-14,True
210,Employee_0210,Engineering,61210,2020-07-15,False
211,Employee_0211,Marketing,61311,2020-08-16,True
212,Employee_0212,Sales,61412,2020-09-17,True
213,Employee_0213,HR,61513,2020-10-18,True
214,Employee_0214,Finance,61614,2020-11-19,True
215,Employee_0215,Engineering,61715,2020-12-20,True
216,Employee_0216,Marketing,61816,2020-01-21,True
217,Employee_0217,Sales,61917,2020-02-22,True
218,Employee_0218,HR,62018,2020-03-23,True
219,Employee_0219,Finance,62119,2020-04-24,True
220,Employee_0220,Engineering,62220,2020-05-25,False
221,Employee_0221,Marketing,62321,2020-06-26,True
222,Employee_0222,Sales,62422,2020-07-27,True
223,Employee_0223,HR,62523,2020-08-28,True
224,Employee_0224,Finance,62624,2020-09-01,True
225,Employee_0225,Engineering,62725,2020-10-02,True
226,Employee_0226,Marketing,62826,2020-11-03,True
227,Employee_0227,Sales,62927,2020-12-04,True
228,Employee_0228,HR,63028,2020-01-05,True
229,Employee_0229,Finance,63129,2020-02-06,True
230,Employee_0230,Engineering,63230,2020-03-07,False
231,Employee_0231,Marketing,63331,2020-04-08,True
232,Employee_0232,Sales,63432,2020-05-09,True
233,Employee_0233,HR,63533,2020-06-10,True
234,Employee_0234,Finance,63634,2020-07-11,True
235,Employee_0235,Engineering,63735,2020-08-12,True
236,Employee_0236,Marketing,63836,2020-09-13,True
237,Employee_0237,Sales,63937,2020-10-14,True
238,Employee_0238,HR,64038,2020-11-15,True
239,Employee_0239,Finance,64139,2020-12-16,True
240,Employee_0240,Engineering,64240,2020-01-17,False
241,Employee_0241,Marketing,64341,2020-02-18,True
242,Employee_0242,Sales,64442,2020-03-19,True
243,Employee_0243,HR,64543,2020-04-20,True
244,Employee_0244,Finance,64644,2020-05-21,True
245,Employee_0245,Engineering,64745,2020-06-22,True
246,Employee_0246,Marketing,64846,2020-07-23,True
247,Employee_0247,Sales,64947,2020-08-24,True
248,Employee_0248,HR,65048,2020-09-25,True
249,Employee_0249,Finance,65149,2020-10-26,True
250,Employee_0250,Engineering,65250,2020-11-27,False
251,Employee_0251,Marketing,65351,2020-12-28,True
252,Employee_0252,Sales,65452,2020-01-01,True
253,Employee_0253,HR,65553,2020-02-02,True
254,Employee_0254,Finance,65654,2020-03-03,True
255,Employee_0255,Engineering,65755,2020-04-04,True
256,Employee_0256,Marketing,65856,2020-05-05,True
257,Employee_0257,Sales,65957,2020-06-06,True
258,Employee_0258,HR,66058,2020-07-07,True
259,Employee_0259,Finance,66159,2020-08-08,True
260,Employee_0260,Engineering,66260,2020-09-09,False
261,Employee_0261,Marketing,66361,2020-10-10,True
262,Employee_0262,Sales,66462,2020-11-11,True
263,Employee_0263,HR,66563,2020-12-12,True
264,Employee_0264,Finance,66664,2020-01-13,True
265,Employee_0265,Engineering,66765,2020-02-14,True
266,Employee_0266,Marketing,66866,2020-03-15,True
267,Employee_0267,Sales,66967,2020-04-16,True
268,Employee_0268,HR,67068,2020-05-17,True
269,Employee_0269,Finance,67169,2020-06-18,True
270,Employee_0270,Engineering,67270,2020-07-19,False
271,Employee_0271,Marketing,67371,2020-08-20,True
272,Employee_0272,Sales,67472,2020-09-21,True
273,Employee_0273,HR,67573,2020-10-22,True
274,Employee_0274,Finance,67674,2020-11-23,True
275,Employee_0275,Engineering,67775,2020-12-24,True
276,Employee_0276,Marketing,67876,2020-01-25,True
277,Employee_0277,Sales,67977,2020-02-26,True
278,Employee_0278,HR,68078,2020-03-27,True
279,Employee_0279,Finance,68179,2020-04-28,True
280,Employee_0280,Engineering,68280,2020-05-01,False
281,Employee_0281,Marketing,68381,2020-06-02,True
282,Employee_0282,Sales,68482,2020-07-03,True
283,Employee_0283,HR,68583,2020-08-04,True
284,Employee_0284,Finance,68684,2020-09-05,True
285,Employee_0285,Engineering,68785,2020-10-06,True
286,Employee_0286,Marketing,68886,2020-11-07,True
287,Employee_0287,Sales,68987,2020-12-08,True
288,Employee_0288,HR,69088,2020-01-09,True
289,Employee_0289,Finance,69189,2020-02-10,True
290,Employee_0290,Engineering,69290,2020-03-11,False
291,Employee_0291,Marketing,69391,2020-04-12,True
292,Employee_0292,Sales,69492,2020-05-13,True
293,Employee_0293,HR,69593,2020-06-14,True
294,Employee_0294,Finance,69694,2020-07-15,True
295,Employee_0295,Engineering,69795,2020-08-16,True
296,Employee_0296,Marketing,69896,2020-09-17,True
297,Employee_0297,Sales,69997,2020-10-18,True
298,Employee_0298,HR,70098,2020-11-19,True
299,Employee_0299,Finance,70199,2020-12-20,True
300,Employee_0300,Engineering,70300,2020-01-21,False
301,Employee_0301,Marketing,70401,2020-02-22,True
302,Employee_0302,Sales,70502,2020-03-23,True
303,Employee_0303,HR,70603,2020-04-24,True
304,Employee_0304,Finance,70704,2020-05-25,True
305,Employee_0305,Engineering,70805,2020-06-26,True
306,Employee_0306,Marketing,70906,2020-07-27,True
307,Employee_0307,Sales,71007,2020-08-28,True
308,Employee_0308,HR,71108,2020-09-01,True
309,Employee_0309,Finance,71209,2020-10-02,True
310,Employee_0310,Engineering,71310,2020-11-03,False
311,Employee_0311,Marketing,71411,2020-12-04,True
312,Employee_0312,Sales,71512,2020-01-05,True
313,Employee_0313,HR,71613,2020-02-06,True
314,Employee_0314,Finance,71714,2020-03-07,True
315,Employee_0315,Engineering,71815,2020-04-08,True
316,Employee_0316,Marketing,71916,2020-05-09,True
317,Employee_0317,Sales,72017,2020-06-10,True
318,Employee_0318,HR,72118,2020-07-11,True
319,Employee_0319,Finance,72219,2020-08-12,True
320,Employee_0320,Engineering,72320,2020-09-13,False
321,Employee_0321,Marketing,72421,2020-10-14,True
322,Employee_0322,Sales,72522,2020-11-15,True
323,Employee_0323,HR,72623,2020-12-16,True
324,Employee_0324,Finance,72724,2020-01-17,True
325,Employee_0325,Engineering,72825,2020-02-18,True
326,Employee_0326,Marketing,72926,2020-03-19,True
327,Employee_0327,Sales,73027,2020-04-20,True
328,Employee_0328,HR,73128,2020-05-21,True
329,Employee_0329,Finance,73229,2020-06-22,True
330,Employee_0330,Engineering,73330,2020-07-23,False
331,Employee_0331,Marketing,73431,2020-08-24,True
332,Employee_0332,Sales,73532,2020-09-25,True
333,Employee_0333,HR,73633,2020-10-26,True
334,Employee_0334,Finance,73734,2020-11-27,True
335,Employee_0335,Engineering,73835,2020-12-28,True
336,Employee_0336,Marketing,73936,2020-01-01,True
337,Employee_0337,Sales,74037,2020-02-02,True
338,Employee_0338,HR,74138,2020-03-03,True
339,Employee_0339,Finance,74239,2020-04-04,True
340,Employee_0340,Engineering,74340,2020-05-05,False
341,Employee_0341,Marketing,74441,2020-06-06,True
342,Employee_0342,Sales,74542,2020-07-07,True
343,Employee_0343,HR,74643,2020-08-08,True
344,Employee_0344,Finance,74744,2020-09-09,True
345,Employee_0345,Engineering,74845,2020-10-10,True
346,Employee_0346,Marketing,74946,2020-11-11,True
347,Employee_0347,Sales,75047,2020-12-12,True
348,Employee_0348,HR,75148,2020-01-13,True
349,Employee_0349,Finance,75249,2020-02-14,True
350,Employee_0350,Engineering,75350,2020-03-15,False
351,Employee_0351,Marketing,75451,2020-04-16,True
352,Employee_0352,Sales,75552,2020-05-17,True
353,Employee_0353,HR,75653,2020-06-18,True
354,Employee_0354,Finance,75754,2020-07-19,True
355,Employee_0355,Engineering,75855,2020-08-20,True
356,Employee_0356,Marketing,75956,2020-09-21,True
357,Employee_0357,Sales,76057,2020-10-22,True
358,Employee_0358,HR,76158,2020-11-23,True
359,Employee_0359,Finance,76259,2020-12-24,True
360,Employee_0360,Engineering,76360,2020-01-25,False
361,Employee_0361,Marketing,76461,2020-02-26,True
362,Employee_0362,Sales,76562,2020-03-27,True
363,Employee_0363,HR,76663,2020-04-28,True
364,Employee_0364,Finance,76764,2020-05-01,True
365,Employee_0365,Engineering,76865,2020-06-02,True
366,Employee_0366,Marketing,76966,2020-07-03,True
367,Employee_0367,Sales,77067,2020-08-04,True
368,Employee_0368,HR,77168,2020-09-05,True
369,Employee_0369,Finance,77269,2020-10-06,True
370,Employee_0370,Engineering,77370,2020-11-07,False
371,Employee_0371,Marketing,77471,2020-12-08,True
372,Employee_0372,Sales,77572,2020-01-09,True
373,Employee_0373,HR,77673,2020-02-10,True
374,Employee_0374,Finance,77774,2020-03-11,True
375,Employee_0375,Engineering,77875,2020-04-12,True
376,Employee_0376,Marketing,77976,2020-05-13,True
377,Employee_0377,Sales,78077,2020-06-14,True
378,Employee_0378,HR,78178,2020-07-15,True
379,Employee_0379,Finance,78279,2020-08-16,True
380,Employee_0380,Engineering,78380,2020-09-17,False
381,Employee_0381,Marketing,78481,2020-10-18,True
382,Employee_0382,Sales,78582,2020-11-19,True
383,Employee_0383,HR,78683,2020-12-20,True
384,Employee_0384,Finance,78784,2020-01-21,True
385,Employee_0385,Engineering,78885,2020-02-22,True
386,Employee_0386,Marketing,78986,2020-03-23,True
387,Employee_0387,Sales,79087,2020-04-24,True
388,Employee_0388,HR,79188,2020-05-25,True
389,Employee_0389,Finance,79289,2020-06-26,True
390,Employee_0390,Engineering,79390,2020-07-27,False
391,Employee_0391,Marketing,79491,2020-08-28,True
392,Employee_0392,Sales,79592,2020-09-01,True
393,Employee_0393,HR,79693,2020-10-02,True
394,Employee_0394,Finance,79794,2020-11-03,True
395,Employee_0395,Engineering,79895,2020-12-04,True
396,Employee_0396,Marketing,79996,2020-01-05,True
397,Employee_0397,Sales,80097,2020-02-06,True
398,Employee_0398,HR,80198,2020-03-07,True
399,Employee_0399,Finance,80299,2020-04-08,True
400,Employee_0400,Engineering,80400,2020-05-09,False
401,Employee_0401,Marketing,80501,2020-06-10,True
402,Employee_0402,Sales,80602,2020-07-11,True
403,Employee_0403,HR,80703,2020-08-12,True
404,Employee_0404,Finance,80804,2020-09-13,True
405,Employee_0405,Engineering,80905,2020-10-14,True
406,Employee_0406,Marketing,81006,2020-11-15,True
407,Employee_0407,Sales,81107,2020-12-16,True
408,Employee_0408,HR,81208,2020-01-17,True
409,Employee_0409,Finance,81309,2020-02-18,True
410,Employee_0410,Engineering,81410,2020-03-19,False
411,Employee_0411,Marketing,81511,2020-04-20,True
412,Employee_0412,Sales,81612,2020-05-21,True
413,Employee_0413,HR,81713,2020-06-22,True
414,Employee_0414,Finance,81814,2020-07-23,True
415,Employee_0415,Engineering,81915,2020-08-24,True
416,Employee_0416,Marketing,82016,2020-09-25,True
417,Employee_0417,Sales,82117,2020-10-26,True
418,Employee_0418,HR,82218,2020-11-27,True
419,Employee_0419,Finance,82319,2020-12-28,True
420,Employee_0420,Engineering,82420,2020-01-01,False
421,Employee_0421,Marketing,82521,2020-02-02,True
422,Employee_0422,Sales,82622,2020-03-03,True
423,Employee_0423,HR,82723,2020-04-04,True
424,Employee_0424,Finance,82824,2020-05-05,True
425,Employee_0425,Engineering,82925,2020-06-06,True
426,Employee_0426,Marketing,83026,2020-07-07,True
427,Employee_0427,Sales,83127,2020-08-08,True
428,Employee_0428,HR,83228,2020-09-09,True
429,Employee_0429,Finance,83329,2020-10-10,True
430,Employee_0430,Engineering,83430,2020-11-11,False
431,Employee_0431,Marketing,83531,2020-12-12,True
432,Employee_0432,Sales,83632,2020-01-13,True
433,Employee_0433,HR,83733,2020-02-14,True
434,Employee_0434,Finance,83834,2020-03-15,True
435,Employee_0435,Engineering,83935,2020-04-16,True
436,Employee_0436,Marketing,84036,2020-05-17,True
437,Employee_0437,Sales,84137,2020-06-18,True
438,Employee_0438,HR,84238,2020-07-19,True
439,Employee_0439,Finance,84339,2020-08-20,True
440,Employee_0440,Engineering,84440,2020-09-21,False
441,Employee_0441,Marketing,84541,2020-10-22,True
442,Employee_0442,Sales,84642,2020-11-23,True
443,Employee_0443,HR,84743,2020-12-24,True
444,Employee_0444,Finance,84844,2020-01-25,True
445,Employee_0445,Engineering,84945,2020-02-26,True
446,Employee_0446,Marketing,85046,2020-03-27,True
447,Employee_0447,Sales,85147,2020-04-28,True
448,Employee_0448,HR,85248,2020-05-01,True
449,Employee_0449,Finance,85349,2020-06-02,True
450,Employee_0450,Engineering,85450,2020-07-03,False
451,Employee_0451,Marketing,85551,2020-08-04,True
452,Employee_0452,Sales,85652,2020-09-05,True
453,Employee_0453,HR,85753,2020-10-06,True
454,Employee_0454,Finance,85854,2020-11-07,True
455,Employee_0455,Engineering,85955,2020-12-08,True
456,Employee_0456,Marketing,86056,2020-01-09,True
457,Employee_0457,Sales,86157,2020-02-10,True
458,Employee_0458,HR,86258,2020-03-11,True
459,Employee_0459,Finance,86359,2020-04-12,True
460,Employee_0460,Engineering,86460,2020-05-13,False
461,Employee_0461,Marketing,86561,2020-06-14,True
462,Employee_0462,Sales,86662,2020-07-15,True
463,Employee_0463,HR,86763,2020-08-16,True
464,Employee_0464,Finance,86864,2020-09-17,True
465,Employee_0465,Engineering,86965,2020-10-18,True
466,Employee_0466,Marketing,87066,2020-11-19,True
467,Employee_0467,Sales,87167,2020-12-20,True
468,Employee_0468,HR,87268,2020-01-21,True
469,Employee_0469,Finance,87369,2020-02-22,True
470,Employee_0470,Engineering,87470,2020-03-23,False
471,Employee_0471,Marketing,87571,2020-04-24,True
472,Employee_0472,Sales,87672,2020-05-25,True
473,Employee_0473,HR,87773,2020-06-26,True
474,Employee_0474,Finance,87874,2020-07-27,True
475,Employee_0475,Engineering,87975,2020-08-28,True
476,Employee_0476,Marketing,88076,2020-09-01,True
477,Employee_0477,Sales,88177,2020-10-02,True
478,Employee_0478,HR,88278,2020-11-03,True
479,Employee_0479,Finance,88379,2020-12-04,True
480,Employee_0480,Engineering,88480,2020-01-05,False
481,Employee_0481,Marketing,88581,2020-02-06,True
482,Employee_0482,Sales,88682,2020-03-07,True
483,Employee_0483,HR,88783,2020-04-08,True
484,Employee_0484,Finance,88884,2020-05-09,True
485,Employee_0485,Engineering,88985,2020-06-10,True
486,Employee_0486,Marketing,89086,2020-07-11,True
487,Employee_0487,Sales,89187,2020-08-12,True
488,Employee_0488,HR,89288,2020-09-13,True
489,Employee_0489,Finance,89389,2020-10-14,True
490,Employee_0490,Engineering,89490,2020-11-15,False
491,Employee_0491,Marketing,89591,2020-12-16,True
492,Employee_0492,Sales,89692,2020-01-17,True
493,Employee_0493,HR,89793,2020-02-18,True
494,Employee_0494,Finance,89894,2020-03-19,True
495,Employee_0495,Engineering,89995,2020-04-20,True
496,Employee_0496,Marketing,90096,2020-05-21,True
497,Employee_0497,Sales,90197,2020-06-22,True
498,Employee_0498,HR,90298,2020-07-23,True
499,Employee_0499,Finance,90399,2020-08-24,True
500,Employee_0500,Engineering,90500,2020-09-25,False
501,Employee_0501,Marketing,90601,2020-10-26,True
502,Employee_0502,Sales,90702,2020-11-27,True
503,Employee_0503,HR,90803,2020-12-28,True
504,Employee_0504,Finance,90904,2020-01-01,True
505,Employee_0505,Engineering,91005,2020-02-02,True
506,Employee_0506,Marketing,91106,2020-03-03,True
507,Employee_0507,Sales,91207,2020-04-04,True
508,Employee_0508,HR,91308,2020-05-05,True
509,Employee_0509,Finance,91409,2020-06-06,True
510,Employee_0510,Engineering,91510,2020-07-07,False
511,Employee_0511,Marketing,91611,2020-08-08,True
512,Employee_0512,Sales,91712,2020-09-09,True
513,Employee_0513,HR,91813,2020-10-10,True
514,Employee_0514,Finance,91914,2020-11-11,True
515,Employee_0515,Engineering,92015,2020-12-12,True
516,Employee_0516,Marketing,92116,2020-01-13,True
517,Employee_0517,Sales,92217,2020-02-14,True
518,Employee_0518,HR,92318,2020-03-15,True
519,Employee_0519,Finance,92419,2020-04-16,True
520,Employee_0520,Engineering,92520,2020-05-17,False
521,Employee_0521,Marketing,92621,2020-06-18,True
522,Employee_0522,Sales,92722,2020-07-19,True
523,Employee_0523,HR,92823,2020-08-20,True
524,Employee_0524,Finance,92924,2020-09-21,True
525,Employee_0525,Engineering,93025,2020-10-22,True
526,Employee_0526,Marketing,93126,2020-11-23,True
527,Employee_0527,Sales,93227,2020-12-24,True
528,Employee_0528,HR,93328,2020-01-25,True
529,Employee_0529,Finance,93429,2020-02-26,True
530,Employee_0530,Engineering,93530,2020-03-27,False
531,Employee_0531,Marketing,93631,2020-04-28,True
532,Employee_0532,Sales,93732,2020-05-01,True
533,Employee_0533,HR,93833,2020-06-02,True
534,Employee_0534,Finance,93934,2020-07-03,True
535,Employee_0535,Engineering,94035,2020-08-04,True
536,Employee_0536,Marketing,94136,2020-09-05,True
537,Employee_0537,Sales,94237,2020-10-06,True
538,Employee_0538,HR,94338,2020-11-07,True
539,Employee_0539,Finance,94439,2020-12-08,True
540,Employee_0540,Engineering,94540,2020-01-09,False
541,Employee_0541,Marketing,94641,2020-02-10,True
542,Employee_0542,Sales,94742,2020-03-11,True
543,Employee_0543,HR,94843,2020-04-12,True
544,Employee_0544,Finance,94944,2020-05-13,True
545,Employee_0545,Engineering,95045,2020-06-14,True
546,Employee_0546,Marketing,95146,2020-07-15,True
547,Employee_0547,Sales,95247,2020-08-16,True
548,Employee_0548,HR,95348,2020-09-17,True
549,Employee_0549,Finance,95449,2020-10-18,True
550,Employee_0550,Engineering,95550,2020-11-19,False
551,Employee_0551,Marketing,95651,2020-12-20,True
552,Employee_0552,Sales,95752,2020-01-21,True
553,Employee_0553,HR,95853,2020-02-22,True
554,Employee_0554,Finance,95954,2020-03-23,True
555,Employee_0555,Engineering,96055,2020-04-24,True
556,Employee_0556,Marketing,96156,2020-05-25,True
557,Employee_0557,Sales,96257,2020-06-26,True
558,Employee_0558,HR,96358,2020-07-27,True
559,Employee_0559,Finance,96459,2020-08-28,True
560,Employee_0560,Engineering,96560,2020-09-01,False
561,Employee_0561,Marketing,96661,2020-10-02,True
562,Employee_0562,Sales,96762,2020-11-03,True
563,Employee_0563,HR,96863,2020-12-04,True
564,Employee_0564,Finance,96964,2020-01-05,True
565,Employee_0565,Engineering,97065,2020-02-06,True
566,Employee_0566,Marketing,97166,2020-03-07,True
567,Employee_0567,Sales,97267,2020-04-08,True
568,Employee_0568,HR,97368,2020-05-09,True
569,Employee_0569,Finance,97469,2020-06-10,True
570,Employee_0570,Engineering,97570,2020-07-11,False
571,Employee_0571,Marketing,97671,2020-08-12,True
572,Employee_0572,Sales,97772,2020-09-13,True
573,Employee_0573,HR,97873,2020-10-14,True
574,Employee_0574,Finance,97974,2020-11-15,True
575,Employee_0575,Engineering,98075,2020-12-16,True
576,Employee_0576,Marketing,98176,2020-01-17,True
577,Employee_0577,Sales,98277,2020-02-18,True
578,Employee_0578,HR,98378,2020-03-19,True
579,Employee_0579,Finance,98479,2020-04-20,True
580,Employee_0580,Engineering,98580,2020-05-21,False
581,Employee_0581,Marketing,98681,2020-06-22,True
582,Employee_0582,Sales,98782,2020-07-23,True
583,Employee_0583,HR,98883,2020-08-24,True
584,Employee_0584,Finance,98984,2020-09-25,True
585,Employee_0585,Engineering,99085,2020-10-26,True
586,Employee_0586,Marketing,99186,2020-11-27,True
587,Employee_0587,Sales,99287,2020-12-28,True
588,Employee_0588,HR,99388,2020-01-01,True
589,Employee_0589,Finance,99489,2020-02-02,True
590,Employee_0590,Engineering,99590,2020-03-03,False
591,Employee_0591,Marketing,99691,2020-04-04,True
592,Employee_0592,Sales,99792,2020-05-05,True
593,Employee_0593,HR,99893,2020-06-06,True
594,Employee_0594,Finance,99994,2020-07-07,True
595,Employee_0595,Engineering,100095,2020-08-08,True
596,Employee_0596,Marketing,100196,2020-09-09,True
597,Employee_0597,Sales,100297,2020-10-10,True
598,Employee_0598,HR,100398,2020-11-11,True
599,Employee_0599,Finance,100499,2020-12-12,True
600,Employee_0600,Engineering,100600,2020-01-13,False
601,Employee_0601,Marketing,100701,2020-02-14,True
602,Employee_0602,Sales,100802,2020-03-15,True
603,Employee_0603,HR,100903,2020-04-16,True
604,Employee_0604,Finance,101004,2020-05-17,True
605,Employee_0605,Engineering,101105,2020-06-18,True
606,Employee_0606,Marketing,101206,2020-07-19,True
607,Employee_0607,Sales,101307,2020-08-20,True
608,Employee_0608,HR,101408,2020-09-21,True
609,Employee_0609,Finance,101509,2020-10-22,True
610,Employee_0610,Engineering,101610,2020-11-23,False
611,Employee_0611,Marketing,101711,2020-12-24,True
612,Employee_0612,Sales,101812,2020-01-25,True
613,Employee_0613,HR,101913,2020-02-26,True
614,Employee_0614,Finance,102014,2020-03-27,True
615,Employee_0615,Engineering,102115,2020-04-28,True
616,Employee_0616,Marketing,102216,2020-05-01,True
617,Employee_0617,Sales,102317,2020-06-02,True
618,Employee_0618,HR,102418,2020-07-03,True
619,Employee_0619,Finance,102519,2020-08-04,True
620,Employee_0620,Engineering,102620,2020-09-05,False
621,Employee_0621,Marketing,102721,2020-10-06,True
622,Employee_0622,Sales,102822,2020-11-07,True
623,Employee_0623,HR,102923,2020-12-08,True
624,Employee_0624,Finance,103024,2020-01-09,True
625,Employee_0625,Engineering,103125,2020-02-10,True
626,Employee_0626,Marketing,103226,2020-03-11,True
627,Employee_0627,Sales,103327,2020-04-12,True
628,Employee_0628,HR,103428,2020-05-13,True
629,Employee_0629,Finance,103529,2020-06-14,True
630,Employee_0630,Engineering,103630,2020-07-15,False
631,Employee_0631,Marketing,103731,2020-08-16,True
632,Employee_0632,Sales,103832,2020-09-17,True
633,Employee_0633,HR,103933,2020-10-18,True
634,Employee_0634,Finance,104034,2020-11-19,True
635,Employee_0635,Engineering,104135,2020-12-20,True
636,Employee_0636,Marketing,104236,2020-01-21,True
637,Employee_0637,Sales,104337,2020-02-22,True
638,Employee_0638,HR,104438,2020-03-23,True
639,Employee_0639,Finance,104539,2020-04-24,True
640,Employee_0640,Engineering,104640,2020-05-25,False
641,Employee_0641,Marketing,104741,2020-06-26,True
642,Employee_0642,Sales,104842,2020-07-27,True
643,Employee_0643,HR,104943,2020-08-28,True
644,Employee_0644,Finance,105044,2020-09-01,True
645,Employee_0645,Engineering,105145,2020-10-02,True
646,Employee_0646,Marketing,105246,2020-11-03,True
647,Employee_0647,Sales,105347,2020-12-04,True
648,Employee_0648,HR,105448,2020-01-05,True
649,Employee_0649,Finance,105549,2020-02-06,True
650,Employee_0650,Engineering,105650,2020-03-07,False
651,Employee_0651,Marketing,105751,2020-04-08,True
652,Employee_0652,Sales,105852,2020-05-09,True
653,Employee_0653,HR,105953,2020-06-10,True
654,Employee_0654,Finance,106054,2020-07-11,True
655,Employee_0655,Engineering,106155,2020-08-12,True
656,Employee_0656,Marketing,106256,2020-09-13,True
657,Employee_0657,Sales,106357,2020-10-14,True
658,Employee_0658,HR,106458,2020-11-15,True
659,Employee_0659,Finance,106559,2020-12-16,True
660,Employee_0660,Engineering,106660,2020-01-17,False
661,Employee_0661,Marketing,106761,2020-02-18,True
662,Employee_0662,Sales,106862,2020-03-19,True
663,Employee_0663,HR,106963,2020-04-20,True
664,Employee_0664,Finance,107064,2020-05-21,True
665,Employee_0665,Engineering,107165,2020-06-22,True
666,Employee_0666,Marketing,107266,2020-07-23,True
667,Employee_0667,Sales,107367,2020-08-24,True
668,Employee_0668,HR,107468,2020-09-25,True
669,Employee_0669,Finance,107569,2020-10-26,True
670,Employee_0670,Engineering,107670,2020-11-27,False
671,Employee_0671,Marketing,107771,2020-12-28,True
672,Employee_0672,Sales,107872,2020-01-01,True
673,Employee_0673,HR,107973,2020-02-02,True
674,Employee_0674,Finance,108074,2020-03-03,True
675,Employee_0675,Engineering,108175,2020-04-04,True
676,Employee_0676,Marketing,108276,2020-05-05,True
677,Employee_0677,Sales,108377,2020-06-06,True
678,Employee_0678,HR,108478,2020-07-07,True
679,Employee_0679,Finance,108579,2020-08-08,True
680,Employee_0680,Engineering,108680,2020-09-09,False
681,Employee_0681,Marketing,108781,2020-10-10,True
682,Employee_0682,Sales,108882,2020-11-11,True
683,Employee_0683,HR,108983,2020-12-12,True
684,Employee_0684,Finance,109084,2020-01-13,True
685,Employee_0685,Engineering,109185,2020-02-14,True
686,Employee_0686,Marketing,109286,2020-03-15,True
687,Employee_0687,Sales,109387,2020-04-16,True
688,Employee_0688,HR,109488,2020-05-17,True
689,Employee_0689,Finance,109589,2020-06-18,True
690,Employee_0690,Engineering,109690,2020-07-19,False
691,Employee_0691,Marketing,109791,2020-08-20,True
692,Employee_0692,Sales,109892,2020-09-21,True
693,Employee_0693,HR,109993,2020-10-22,True
694,Employee_0694,Finance,110094,2020-11-23,True
695,Employee_0695,Engineering,110195,2020-12-24,True
696,Employee_0696,Marketing,110296,2020-01-25,True
697,Employee_0697,Sales,110397,2020-02-26,True
698,Employee_0698,HR,110498,2020-03-27,True
699,Employee_0699,Finance,110599,2020-04-28,True
700,Employee_0700,Engineering,110700,2020-05-01,False
701,Employee_0701,Marketing,110801,2020-06-02,True
702,Employee_0702,Sales,110902,2020-07-03,True
703,Employee_0703,HR,111003,2020-08-04,True
704,Employee_0704,Finance,111104,2020-09-05,True
705,Employee_0705,Engineering,111205,2020-10-06,True
706,Employee_0706,Marketing,111306,2020-11-07,True
707,Employee_0707,Sales,111407,2020-12-08,True
708,Employee_0708,HR,111508,2020-01-09,True
709,Employee_0709,Finance,111609,2020-02-10,True
710,Employee_0710,Engineering,111710,2020-03-11,False
711,Employee_0711,Marketing,111811,2020-04-12,True
712,Employee_0712,Sales,111912,2020-05-13,True
713,Employee_0713,HR,112013,2020-06-14,True
714,Employee_0714,Finance,112114,2020-07-15,True
715,Employee_0715,Engineering,112215,2020-08-16,True
716,Employee_0716,Marketing,112316,2020-09-17,True
717,Employee_0717,Sales,112417,2020-10-18,True
718,Employee_0718,HR,112518,2020-11-19,True
719,Employee_0719,Finance,112619,2020-12-20,True
720,Employee_0720,Engineering,112720,2020-01-21,False
721,Employee_0721,Marketing,112821,2020-02-22,True
722,Employee_0722,Sales,112922,2020-03-23,True
723,Employee_0723,HR,113023,2020-04-24,True
724,Employee_0724,Finance,113124,2020-05-25,True
725,Employee_0725,Engineering,113225,2020-06-26,True
726,Employee_0726,Marketing,113326,2020-07-27,True
727,Employee_0727,Sales,113427,2020-08-28,True
728,Employee_0728,HR,113528,2020-09-01,True
729,Employee_0729,Finance,113629,2020-10-02,True
730,Employee_0730,Engineering,113730,2020-11-03,False
731,Employee_0731,Marketing,113831,2020-12-04,True
732,Employee_0732,Sales,113932,2020-01-05,True
733,Employee_0733,HR,114033,2020-02-06,True
734,Employee_0734,Finance,114134,2020-03-07,True
735,Employee_0735,Engineering,114235,2020-04-08,True
736,Employee_0736,Marketing,114336,2020-05-09,True
737,Employee_0737,Sales,114437,2020-06-10,True
738,Employee_0738,HR,114538,2020-07-11,True
739,Employee_0739,Finance,114639,2020-08-12,True
740,Employee_0740,Engineering,114740,2020-09-13,False
741,Employee_0741,Marketing,114841,2020-10-14,True
742,Employee_0742,Sales,114942,2020-11-15,True
743,Employee_0743,HR,115043,2020-12-16,True
744,Employee_0744,Finance,115144,2020-01-17,True
745,Employee_0745,Engineering,115245,2020-02-18,True
746,Employee_0746,Marketing,115346,2020-03-19,True
747,Employee_0747,Sales,115447,2020-04-20,True
748,Employee_0748,HR,115548,2020-05-21,True
749,Employee_0749,Finance,115649,2020-06-22,True
750,Employee_0750,Engineering,115750,2020-07-23,False
751,Employee_0751,Marketing,115851,2020-08-24,True
752,Employee_0752,Sales,115952,2020-09-25,True
753,Employee_0753,HR,116053,2020-10-26,True
754,Employee_0754,Finance,116154,2020-11-27,True
755,Employee_0755,Engineering,116255,2020-12-28,True
756,Employee_0756,Marketing,116356,2020-01-01,True
757,Employee_0757,Sales,116457,2020-02-02,True
758,Employee_0758,HR,116558,2020-03-03,True
759,Employee_0759,Finance,116659,2020-04-04,True
760,Employee_0760,Engineering,116760,2020-05-05,False
761,Employee_0761,Marketing,116861,2020-06-06,True
762,Employee_0762,Sales,116962,2020-07-07,True
763,Employee_0763,HR,117063,2020-08-08,True
764,Employee_0764,Finance,117164,2020-09-09,True
765,Employee_0765,Engineering,117265,2020-10-10,True
766,Employee_0766,Marketing,117366,2020-11-11,True
767,Employee_0767,Sales,117467,2020-12-12,True
768,Employee_0768,HR,117568,2020-01-13,True
769,Employee_0769,Finance,117669,2020-02-14,True
770,Employee_0770,Engineering,117770,2020-03-15,False
771,Employee_0771,Marketing,117871,2020-04-16,True
772,Employee_0772,Sales,117972,2020-05-17,True
773,Employee_0773,HR,118073,2020-06-18,True
774,Employee_0774,Finance,118174,2020-07-19,True
775,Employee_0775,Engineering,118275,2020-08-20,True
776,Employee_0776,Marketing,118376,2020-09-21,True
777,Employee_0777,Sales,118477,2020-10-22,True
778,Employee_0778,HR,118578,2020-11-23,True
779,Employee_0779,Finance,118679,2020-12-24,True
780,Employee_0780,Engineering,118780,2020-01-25,False
781,Employee_0781,Marketing,118881,2020-02-26,True
782,Employee_0782,Sales,118982,2020-03-27,True
783,Employee_0783,HR,119083,2020-04-28,True
784,Employee_0784,Finance,119184,2020-05-01,True
785,Employee_0785,Engineering,119285,2020-06-02,True
786,Employee_0786,Marketing,119386,2020-07-03,True
787,Employee_0787,Sales,119487,2020-08-04,True
788,Employee_0788,HR,119588,2020-09-05,True
789,Employee_0789,Finance,119689,2020-10-06,True
790,Employee_0790,Engineering,119790,2020-11-07,False
791,Employee_0791,Marketing,119891,2020-12-08,True
792,Employee_0792,Sales,119992,2020-01-09,True
793,Employee_0793,HR,120093,2020-02-10,True
794,Employee_0794,Finance,120194,2020-03-11,True
795,Employee_0795,Engineering,120295,2020-04-12,True
796,Employee_0796,Marketing,120396,2020-05-13,True
797,Employee_0797,Sales,120497,2020-06-14,True
798,Employee_0798,HR,120598,2020-07-15,True
799,Employee_0799,Finance,120699,2020-08-16,True
800,Employee_0800,Engineering,120800,2020-09-17,False
801,Employee_0801,Marketing,120901,2020-10-18,True
802,Employee_0802,Sales,121002,2020-11-19,True
803,Employee_0803,HR,121103,2020-12-20,True
804,Employee_0804,Finance,121204,2020-01-21,True
805,Employee_0805,Engineering,121305,2020-02-22,True
806,Employee_0806,Marketing,121406,2020-03-23,True
807,Employee_0807,Sales,121507,2020-04-24,True
808,Employee_0808,HR,121608,2020-05-25,True
809,Employee_0809,Finance,121709,2020-06-26,True
810,Employee_0810,Engineering,121810,2020-07-27,False
811,Employee_0811,Marketing,121911,2020-08-28,True
812,Employee_0812,Sales,122012,2020-09-01,True
813,Employee_0813,HR,122113,2020-10-02,True
814,Employee_0814,Finance,122214,2020-11-03,True
815,Employee_0815,Engineering,122315,2020-12-04,True
816,Employee_0816,Marketing,122416,2020-01-05,True
817,Employee_0817,Sales,122517,2020-02-06,True
818,Employee_0818,HR,122618,2020-03-07,True
819,Employee_0819,Finance,122719,2020-04-08,True
820,Employee_0820,Engineering,122820,2020-05-09,False
821,Employee_0821,Marketing,122921,2020-06-10,True
822,Employee_0822,Sales,123022,2020-07-11,True
823,Employee_0823,HR,123123,2020-08-12,True
824,Employee_0824,Finance,123224,2020-09-13,True
825,Employee_0825,Engineering,123325,2020-10-14,True
826,Employee_0826,Marketing,123426,2020-11-15,True
827,Employee_0827,Sales,123527,2020-12-16,True
828,Employee_0828,HR,123628,2020-01-17,True
829,Employee_0829,Finance,123729,2020-02-18,True
830,Employee_0830,Engineering,123830,2020-03-19,False
831,Employee_0831,Marketing,123931,2020-04-20,True
832,Employee_0832,Sales,124032,2020-05-21,True
833,Employee_0833,HR,124133,2020-06-22,True
834,Employee_0834,Finance,124234,2020-07-23,True
835,Employee_0835,Engineering,124335,2020-08-24,True
836,Employee_0836,Marketing,124436,2020-09-25,True
837,Employee_0837,Sales,124537,2020-10-26,True
838,Employee_0838,HR,124638,2020-11-27,True
839,Employee_0839,Finance,124739,2020-12-28,True
840,Employee_0840,Engineering,124840,2020-01-01,False
841,Employee_0841,Marketing,124941,2020-02-02,True
842,Employee_0842,Sales,125042,2020-03-03,True
843,Employee_0843,HR,125143,2020-04-04,True
844,Employee_0844,Finance,125244,2020-05-05,True
845,Employee_0845,Engineering,125345,2020-06-06,True
846,Employee_0846,Marketing,125446,2020-07-07,True
847,Employee_0847,Sales,125547,2020-08-08,True
848,Employee_0848,HR,125648,2020-09-09,True
849,Employee_0849,Finance,125749,2020-10-10,True
850,Employee_0850,Engineering,125850,2020-11-11,False
851,Employee_0851,Marketing,125951,2020-12-12,True
852,Employee_0852,Sales,126052,2020-01-13,True
853,Employee_0853,HR,126153,2020-02-14,True
854,Employee_0854,Finance,126254,2020-03-15,True
855,Employee_0855,Engineering,126355,2020-04-16,True
856,Employee_0856,Marketing,126456,2020-05-17,True
857,Employee_0857,Sales,126557,2020-06-18,True
858,Employee_0858,HR,126658,2020-07-19,True
859,Employee_0859,Finance,126759,2020-08-20,True
860,Employee_0860,Engineering,126860,2020-09-21,False
861,Employee_0861,Marketing,126961,2020-10-22,True
862,Employee_0862,Sales,127062,2020-11-23,True
863,Employee_0863,HR,127163,2020-12-24,True
864,Employee_0864,Finance,127264,2020-01-25,True
865,Employee_0865,Engineering,127365,2020-02-26,True
866,Employee_0866,Marketing,127466,2020-03-27,True
867,Employee_0867,Sales,127567,2020-04-28,True
868,Employee_0868,HR,127668,2020-05-01,True
869,Employee_0869,Finance,127769,2020-06-02,True
870,Employee_0870,Engineering,127870,2020-07-03,False
871,Employee_0871,Marketing,127971,2020-08-04,True
872,Employee_0872,Sales,128072,2020-09-05,True
873,Employee_0873,HR,128173,2020-10-06,True
874,Employee_0874,Finance,128274,2020-11-07,True
875,Employee_0875,Engineering,128375,2020-12-08,True
876,Employee_0876,Marketing,128476,2020-01-09,True
877,Employee_0877,Sales,128577,2020-02-10,True
878,Employee_0878,HR,128678,2020-03-11,True
879,Employee_0879,Finance,128779,2020-04-12,True
880,Employee_0880,Engineering,128880,2020-05-13,False
881,Employee_0881,Marketing,128981,2020-06-14,True
882,Employee_0882,Sales,129082,2020-07-15,True
883,Employee_0883,HR,129183,2020-08-16,True
884,Employee_0884,Finance,129284,2020-09-17,True
885,Employee_0885,Engineering,129385,2020-10-18,True
886,Employee_0886,Marketing,129486,2020-11-19,True
887,Employee_0887,Sales,129587,2020-12-20,True
888,Employee_0888,HR,129688,2020-01-21,True
889,Employee_0889,Finance,129789,2020-02-22,True
890,Employee_0890,Engineering,129890,2020-03-23,False
891,Employee_0891,Marketing,129991,2020-04-24,True
892,Employee_0892,Sales,130092,2020-05-25,True
893,Employee_0893,HR,130193,2020-06-26,True
894,Employee_0894,Finance,130294,2020-07-27,True
895,Employee_0895,Engineering,130395,2020-08-28,True
896,Employee_0896,Marketing,130496,2020-09-01,True
897,Employee_0897,Sales,130597,2020-10-02,True
898,Employee_0898,HR,130698,2020-11-03,True
899,Employee_0899,Finance,130799,2020-12-04,True
900,Employee_0900,Engineering,130900,2020-01-05,False
901,Employee_0901,Marketing,131001,2020-02-06,True
902,Employee_0902,Sales,131102,2020-03-07,True
903,Employee_0903,HR,131203,2020-04-08,True
904,Employee_0904,Finance,131304,2020-05-09,True
905,Employee_0905,Engineering,131405,2020-06-10,True
906,Employee_0906,Marketing,131506,2020-07-11,True
907,Employee_0907,Sales,131607,2020-08-12,True
908,Employee_0908,HR,131708,2020-09-13,True
909,Employee_0909,Finance,131809,2020-10-14,True
910,Employee_0910,Engineering,131910,2020-11-15,False
911,Employee_0911,Marketing,132011,2020-12-16,True
912,Employee_0912,Sales,132112,2020-01-17,True
913,Employee_0913,HR,132213,2020-02-18,True
914,Employee_0914,Finance,132314,2020-03-19,True
915,Employee_0915,Engineering,132415,2020-04-20,True
916,Employee_0916,Marketing,132516,2020-05-21,True
917,Employee_0917,Sales,132617,2020-06-22,True
918,Employee_0918,HR,132718,2020-07-23,True
919,Employee_0919,Finance,132819,2020-08-24,True
920,Employee_0920,Engineering,132920,2020-09-25,False
921,Employee_0921,Marketing,133021,2020-10-26,True
922,Employee_0922,Sales,133122,2020-11-27,True
923,Employee_0923,HR,133223,2020-12-28,True
924,Employee_0924,Finance,133324,2020-01-01,True
925,Employee_0925,Engineering,133425,2020-02-02,True
926,Employee_0926,Marketing,133526,2020-03-03,True
927,Employee_0927,Sales,133627,2020-04-04,True
928,Employee_0928,HR,133728,2020-05-05,True
929,Employee_0929,Finance,133829,2020-06-06,True
930,Employee_0930,Engineering,133930,2020-07-07,False
931,Employee_0931,Marketing,134031,2020-08-08,True
932,Employee_0932,Sales,134132,2020-09-09,True
933,Employee_0933,HR,134233,2020-10-10,True
934,Employee_0934,Finance,134334,2020-11-11,True
935,Employee_0935,Engineering,134435,2020-12-12,True
936,Employee_0936,Marketing,134536,2020-01-13,True
937,Employee_0937,Sales,134637,2020-02-14,True
938,Employee_0938,HR,134738,2020-03-15,True
939,Employee_0939,Finance,134839,2020-04-16,True
940,Employee_0940,Engineering,134940,2020-05-17,False
941,Employee_0941,Marketing,135041,2020-06-18,True
942,Employee_0942,Sales,135142,2020-07-19,True
943,Employee_0943,HR,135243,2020-08-20,True
944,Employee_0944,Finance,135344,2020-09-21,True
945,Employee_0945,Engineering,135445,2020-10-22,True
946,Employee_0946,Marketing,135546,2020-11-23,True
947,Employee_0947,Sales,135647,2020-12-24,True
948,Employee_0948,HR,135748,2020-01-25,True
949,Employee_0949,Finance,135849,2020-02-26,True
950,Employee_0950,Engineering,135950,2020-03-27,False
951,Employee_0951,Marketing,136051,2020-04-28,True
952,Employee_0952,Sales,136152,2020-05-01,True
953,Employee_0953,HR,136253,2020-06-02,True
954,Employee_0954,Finance,136354,2020-07-03,True
955,Employee_0955,Engineering,136455,2020-08-04,True
956,Employee_0956,Marketing,136556,2020-09-05,True
957,Employee_0957,Sales,136657,2020-10-06,True
958,Employee_0958,HR,136758,2020-11-07,True
959,Employee_0959,Finance,136859,2020-12-08,True
960,Employee_0960,Engineering,136960,2020-01-09,False
961,Employee_0961,Marketing,137061,2020-02-10,True
962,Employee_0962,Sales,137162,2020-03-11,True
963,Employee_0963,HR,137263,2020-04-12,True
964,Employee_0964,Finance,137364,2020-05-13,True
965,Employee_0965,Engineering,137465,2020-06-14,True
966,Employee_0966,Marketing,137566,2020-07-15,True
967,Employee_0967,Sales,137667,2020-08-16,True
968,Employee_0968,HR,137768,2020-09-17,True
969,Employee_0969,Finance,137869,2020-10-18,True
970,Employee_0970,Engineering,137970,2020-11-19,False
971,Employee_0971,Marketing,138071,2020-12-20,True
972,Employee_0972,Sales,138172,2020-01-21,True
973,Employee_0973,HR,138273,2020-02-22,True
974,Employee_0974,Finance,138374,2020-03-23,True
975,Employee_0975,Engineering,138475,2020-04-24,True
976,Employee_0976,Marketing,138576,2020-05-25,True
977,Employee_0977,Sales,138677,2020-06-26,True
978,Employee_0978,HR,138778,2020-07-27,True
979,Employee_0979,Finance,138879,2020-08-28,True
980,Employee_0980,Engineering,138980,2020-09-01,False
981,Employee_0981,Marketing,139081,2020-10-02,True
982,Employee_0982,Sales,139182,2020-11-03,True
983,Employee_0983,HR,139283,2020-12-04,True
984,Employee_0984,Finance,139384,2020-01-05,True
985,Employee_0985,Engineering,139485,2020-02-06,True
986,Employee_0986,Marketing,139586,2020-03-07,True
987,Employee_0987,Sales,139687,2020-04-08,True
988,Employee_0988,HR,139788,2020-05-09,True
989,Employee_0989,Finance,139889,2020-06-10,True
990,Employee_0990,Engineering,139990,2020-07-11,False
991,Employee_0991,Marketing,140091,2020-08-12,True
992,Employee_0992,Sales,140192,2020-09-13,True
993,Employee_0993,HR,140293,2020-10-14,True
994,Employee_0994,Finance,140394,2020-11-15,True
995,Employee_0995,Engineering,140495,2020-12-16,True
996,Employee_0996,Marketing,140596,2020-01-17,True
997,Employee_0997,Sales,140697,2020-02-18,True
998,Employee_0998,HR,140798,2020-03-19,True
999,Employee_0999,Finance,140899,2020-04-20,True
1000,Employee_1000,Engineering,140000,2020-05-21,False
